Title,Price,Shipping,URL
Shop on eBay,20.00,N/A,https://ebay.com/itm/123456?hash=item28caef0a3a:g:E3kAAOSwlGJiMikD&amdata=enc%3AAQAHAAAAsJoWXGf0hxNZspTmhb8%2FTJCCurAWCHuXJ2Xi3S9cwXL6BX04zSEiVaDMCvsUbApftgXEAHGJU1ZGugZO%2FnW1U7Gb6vgoL%2BmXlqCbLkwoZfF3AUAK8YvJ5B4%2BnhFA7ID4dxpYs4jjExEnN5SR2g1mQe7QtLkmGt%2FZ%2FbH2W62cXPuKbf550ExbnBPO2QJyZTXYCuw5KVkMdFMDuoB4p3FwJKcSPzez5kyQyVjyiIq6PB2q%7Ctkp%3ABlBMULq7kqyXYA
Men's Stretch Golf Shorts Lightweight Quick Dry Zip Pocket Chino Flex Half Pants,19.99,+$14.37 shipping,https://www.ebay.com/itm/354649433657?hash=item5292c0e639:g:PssAAOSwbWVkD-x8&amdata=enc%3AAQAIAAAAwLElfVPXDU%2Fz6vd6hVLX%2FSQLClHP8Q%2BVoQ%2BEpflZIppwA%2BVEkmfbqCEx%2BfM1fWpKBEueIWONHQJBK%2F9dnqM3%2FVmdPMaFbTJNFGRWMLS5y5Yo%2F4ftXyHe6A8SQ6ha5pXx%2FOiEKK9ZC4tAnNWebLKeLqB5OQejvpoTV66Uc9mg1vYy2V1WC0TgWC41KXhS%2BUk1wS0bTxi%2BlATy5UPfs6vPkGacpdhGZhNz9h8wJvHnGEJlV%2FzaPyFpSvt0wqiQceq3dw%3D%3D%7Ctkp%3ABlBMUIivivCOYg
Sport Shorts Men Sportswear Double-deck Running Shorts 2 in 1 Beach Bottoms,16.00,Free International Shipping,https://www.ebay.com/itm/394574141716?hash=item5bde739914:g:hXQAAOSwa0pkPdFl&amdata=enc%3AAQAIAAAAwFCz4iuxlDd7ZLOnfoZMDX5FhRY59asdPq3qkcPuv82DdItV9FI0FW4sqCx3Mr%2F6ian5vpZHlL47tyZ16HN7OJ4EeqeOLfzPPe3BnRXpMcDPbi57gESwiswugu2xqjRjE2UQIcGfPY0Rve3sH48%2FKYnlng4zJ%2FKPK7yacIgiJAQJt3JNHZfk6sHhUNxcC%2BV9xHShvOUR%2BcdDYKXRTlm%2BmZy7YE1t06P9gCsf0gAStVQhE7RdDqgVueBcyIAOO%2B9IRw%3D%3D%7Ctkp%3ABlBMUIivivCOYg
Men's Sports Shorts GYM Training Bodybuilding Summer Workout Fitness Short Pants,11.99,Shipping not specified,https://www.ebay.com/itm/202985690607?hash=item2f42e3d5ef:g:1ZgAAOSwwjtg4m3f&amdata=enc%3AAQAIAAAAwH22OPn9q7mlit3ORhTMw%2F37Pq6wQlo7FJ8P9RC7gIu2IhA1TuHjms6gYVAKFu7DMwhs6hIveKMGaWs%2F8nzrzS%2F2uZnaCAQ14MCf6m7jSyPu0WmDIqj24gkstQKMdml5u1PbW%2F5aOVu5f1rOuloE7Hxhhm1RkKiqAaR3Z3wVMBJzA0MYCa35Si8gtN3AuguLzb4MlP%2FZKaa2a9q9kcgpogXchcOjvynEQTCmoeVUvnIUEh2OztpKnlO4QBuRWhBeeA%3D%3D%7Ctkp%3ABlBMUIivivCOYg
Men's Basketball Gym Shorts Casual Workout Shorts Drawstring Running Short Pants,6.57 ,Free International Shipping,https://www.ebay.com/itm/403858113281?hash=item5e07d1c301:g:kLIAAOSwbq5ivRHY&amdata=enc%3AAQAIAAAA4HTUWO0q19EFu3Ydu64Om%2F720eRXZZinWajfXGYWfcHSzmvp3QFRuG4pGEjRpOeSTOFjZ7%2Byynw8kJJm63S3Cu0UEfe4Lhiz1fNiCny%2FA9LyMdplFHWEasSleVEMePecZW3gdr%2FujTNxCl5JccLO1iTb54MTHvIO6M%2BEHDWbGGvnlnxduCgzDWXqPY%2FlriukNtKYkdalKbiS7HkPvUv%2B%2BS7vIsF77HmJvJaXZWB%2BwyTqyUDpbA0XwiipmscbkY1N8YWPspSmBGVrURBfz6ZOE89uYwH6j7vI%2BGPt2%2BPNqIEp%7Ctkp%3ABFBMiK-K8I5i
RDK Mens Football Shorts Quick Dry Running Jogging Gym Sports Breathable Fitness,7.37 ,+$8.53 shipping estimate,https://www.ebay.com/itm/265111561561?hash=item3db9e16559:g:bjAAAOSwbqFgrmKC&amdata=enc%3AAQAIAAAA4IYli8S5Xc8IPtzJ6Nr2VpU6PSnI2XmDm%2FF2zMAt2BWZyW9aMKb%2Fn2C3fbA3Pvm%2BZamklWTYkYcykBhRxvdDAzZPU8%2Fis%2BdnZzwjcHlcNNC8aIbj5mxcrvdyAIQzpQrK9k7AzYwDGnImHc4djel0trToJWvrbnXhRyXME98QuzZozL3P9uILFhkdKlnOWgrhQ%2Ba00I4EPj1tUK4OYKRMJ6b59kV%2Blmv1yUPclBgAMavy2GtSDM0YOuj%2BN3oJU0erszZoXaPWjNTUX9OGV0f20LNE00m0A9IZcGPT%2FajuAp5c%7Ctkp%3ABk9SR4ivivCOYg
Men Sports Training Running Bodybuilding Workout Fitness Shorts Gym Pants Work,6.98 ,Free International Shipping,https://www.ebay.com/itm/304762104117?hash=item46f53ca935:g:NDwAAOSwDJxjt~MZ&amdata=enc%3AAQAIAAAAwI57qcLXpLwt92idmHzDrZN9cvQSJBpkFY3135%2FfTHTs66jOkAx9LcdugII3sXDI2Qy5IAd94NHy4vjqm9syZeN6D%2F3jj%2F7qDpb5sWYBG8Z8eW6IGqEJDyRZJKRhU65W%2BKMfEWhCY2vU4hqrU16W9ZXIQnutv2mL7mWdUyMr2ogVOsRA6TazTDtKQkUBlJFuOcnTpEP7rYJzFYSBQxI%2Bvq7u11m5%2F2veMy3L0feF527q21nRJEmSZ0WrvFk6RLBxwg%3D%3D%7Ctkp%3ABk9SR4ivivCOYg
Mens Football Shorts Jogging Running Gym Sports Breathable Fitness Size XS - 2XL,6.80 ,+$22.30 shipping,https://www.ebay.com/itm/302524310959?hash=item466fdaa5af:g:eZAAAOSwAC1aB2cV&amdata=enc%3AAQAIAAAA4IExS7Fci6b8UOfMCcDo7HHR5oRaDXEuciobMuNyrgFMYWMEy6OP9oYbFdKe0M%2FwO%2BF5%2FjPP%2BasV8F1FwbYejHWnLZGRasSp8wmc6AqlSS%2F%2FSLKbxu02WD%2BC6PSS9MpoSgyh%2BKgiYdw8MYhDSOLWJd5CByx%2FyEkUq28fRqhA8dT0zkawLXqhLdkMegbvmeuE8UtkFvyNdmYk%2BFTAVlU15ucNER9sPsOvP7PcxAnpJxuqtyhFnKk%2FoBhlAjXusgyHVWx0ibB7CRxliqtNvOqVceLNN2n5aEJSPC4XSb0JvjmB%7Ctkp%3ABk9SR4ivivCOYg
Men's Football Shorts Jogging Running Gym Sports Breathable Fitness Size S - 2XL,6.80 ,+$8.66 shipping,https://www.ebay.com/itm/314019303836?hash=item491d02519c:g:fqYAAOSwp~FilyqK&amdata=enc%3AAQAIAAAA4K1BdX6SirkmzfC9yCffp6aLubqiHVCsg%2BWTBRb0%2BmBvwNXyEN%2FTGFe9BEbHj75g%2FwR7q%2FoaDfi2NNhrOu0zS0yJORlkE%2BmGkLzU01IDwK6Iq0H2OjS6WQJbB68DwjD9IeU%2FVQ9RhYOPdizJrl9AvcjtoWJN5BxU8ENBOTniWt8AL0rq9izjkyxniP3E1J29HB0Ffp3Omw%2BAhL8WuSdiZdQ4F%2Flx9fhSprLWg8kXd9znXZ3YNribPdj6CZRgdgGmZn08JpcGiFPgL0RCfc3I6teF%2BW38iQJghQY0KE5HeLNa%7Ctkp%3ABk9SR4qvivCOYg
adidas Essentials Chelsea Men's Shorts 3 Stripes Sports Gym Running,18.58,+$9.28 shipping estimate,https://www.ebay.com/itm/114783658505?hash=item1ab9a3a209:g:I4QAAOSwiWhgh~a1&amdata=enc%3AAQAIAAAA4Pj%2F9TRpDFCmLoSWe%2FSXEBFgrHTXU%2BO6hTUSYvKCoLIBQ5Zpm3Aa1O3cGgOAfguBL57QmN0MJ%2FyaxZvuexBMW92xF%2BgBJdxKf6nL41L9ZKwsfBDadaAw77%2FLdLjZXzZGtDt%2BKzVNYSWB6uHnMfEt3%2Bo82KWdLBGQzQZXeBP3XTd5CgTpV084ozoVzsuwMa7ng4wrf16D6MU0v5Ob%2FOeYZ4ctqpTeSgpKynVcZK3QQMqs0EKeNXCiP8oJ%2FuH6I6BlueC17tPJ459zIUavfeirEXwOp2pZb8AVPrLuJg49eJqt%7Ctkp%3ABk9SR4qvivCOYg
Men's GYM Shorts Training Quick Dry Sport Workout Casual Jogging Pants Trousers,5.17,Free International Shipping,https://www.ebay.com/itm/393049275289?hash=item5b838ffb99:g:B98AAOSwmGNf0ECD&amdata=enc%3AAQAIAAAAwNC174EMs7jaJVORHFlMy25%2FNjNj9hEfOCi2QOKAgt8vVpCURPvaY%2FuyDob0jGA%2FBfH8FhzEAj0Xd2PbRsPEX%2Fs1qFP4IqoDcCvgQUTlxUPy1NxIl1WxlzcShD7An%2Bb7ion3M9qlrlGNBy5yrdsxVYTkOhGQITuzDfjZwAeWegc5aSg0ZOM6fVSYrslrIzMtUNkPGJLgF6sJjSmb8AUv79HsxTvTTzXIO8x9ghnz%2BdIWjnqSINqQWwcW2%2FVvChocmA%3D%3D%7Ctkp%3ABk9SR4qvivCOYg
Men's Sports Training Running Bodybuilding Workout Fitness Shorts Gym Pants Work,9.99 ,+$14.29 shipping,https://www.ebay.com/itm/275274900791?hash=item4017a9a537:g:wCYAAOSwM8tiqz89&amdata=enc%3AAQAIAAAA4JIQQvTkzRrB23sKAK395WMV0v26Rngle7cV9mXyCWpf5QhCJ4wkCOhJf4kurlBHYvTIXqo9XHUUdHKsfR0Yvup%2Fv6yKHmrEpXGRs1a8CWdwGMglfK00gm6x45Sd%2B9HUrltDub1O84j5zDSDuDi6WL0siNYReyo2cVLbk6hlif%2BqlfAotebXeUf0BhIXjFTKWtoozBjuOxvehZp%2B20IMpNDVmvX4qMEQ13HdU706reTtAwatqi0GN%2Bq%2Bs1OhxA9lMgVZTeWgouxTSlBHpVkhWLGxZ4isoq4GHizJoX50owWH%7Ctkp%3ABk9SR4qvivCOYg
Mens Shorts Football Dri Fit Park Gym Training Sports Running Short Apex Wear,10.99,+$14.18 shipping,https://www.ebay.com/itm/113845704555?hash=item1a81bb976b:g:wlQAAOSw7eRdequ0&amdata=enc%3AAQAIAAAAwJ9iiEHjjb3cYlLwEujDglTm%2FJanJJJ7nSfUV28Nk13NGikLFKKgM9HwKlrN98Z5zlfWiZ8G%2B3CdfxlDTyvKaUaUXpf%2B5EZFXNDZS1aZrUSJnYW7STdKzNHvhqvBzx0F9XTTGbZx%2BGWVToCqSlQDyAflBE3QKQtP3UTPM5utYCS6lj7gasFPJ5YjySf%2Fx6P8vZvrdTAZ5zOjHnwWYEA4%2BcK0irKWUleF6n6U0ke7nT%2BLU3OTsmJrtX30sGfI1NH5fw%3D%3D%7Ctkp%3ABk9SR4qvivCOYg
Mens Gym Fleece Jogger Shorts Casual Elasticated waist Running Sport Zip Pockets,7.40,+$8.49 shipping estimate,https://www.ebay.com/itm/175645918579?hash=item28e5500573:g:5OAAAOSwsGJkCSs5&amdata=enc%3AAQAIAAAAwOzR%2BCdAKEehTM9ZfeWuGqkoBMcj2jQ6lJROkJNS%2FXJ60ArjGEmRzWTK5WCa%2Bqm5sNFpG9YsLcQG4cpd5eIe7vrs7js8VY2ckjfpq1wxDRBSJWc6sEV1k2KE82i50KyyqPczteYxyREwv%2FTsl1W2i%2FkflRB6oUueH9X88Cu%2B84HwkjCaoQ775rFIr1dG8EOrEyo7p0TbTb540JEhfzng9gaoJ4IpYmYurq34E1DU1U1QiW0%2FPI04ELtxgG9fc%2BnUoA%3D%3D%7Ctkp%3ABk9SR4qvivCOYg
adidas Essentials Fleece 3-Stripes Shorts Men's,25.00,+$14.45 shipping,https://www.ebay.com/itm/154471391840?epid=14057097680&hash=item23f7366260:g:HDsAAOSwPoRkdn1~&amdata=enc%3AAQAIAAAA4DlrZboK7XK6%2FD8ofgr8%2FagEHChQCcQAY511djq3LKmL5Hmg%2F5cLMOpx48FChXRXm5xm5f2J%2F6wZBn6Ih1h7omnkNj2IiIlHI2upp7uS2KeYJJsZFjJ2%2BnYQpZpCoxUf3i2GPY%2FgL9NqStm7Sxza3yFC9%2FDuRF39CBL9sRRKdxflv5cYCquqwRFxBFZgMDTK1WYKsCL%2BzrcLLOFIlaonuiUqVxg9Xkv3WZpBWzip1QYQgpRpbQOltnKPQJPHks%2FjV0R0PdxsWNAq9OGjJVSn8GqQBZvtX66L6d6LP0R1vQC6%7Ctkp%3ABFBMiq-K8I5i
Eric Emanuel EE Summer blockbuster fitness shorts Muscular men sports shorts,10.55,+$8.99 shipping,https://www.ebay.com/itm/364225454451?hash=item54cd876173:g:QboAAOSwzHxkQKEa&amdata=enc%3AAQAIAAAA4NhyBgHuBCXk9i54gVN2T7VTkfBtryBoJext4%2BJBy06%2BGiErHa71uBGshbSXQdxCUAj3A25WyoDFKhYacDvXX%2BuyxFKkDwd9YjQ1B4FWDNOV3SInAAo%2FHjtpoov14U05LuDgR22kldUBLcO8CwxAK%2FXDh%2BrTftPmgu3j59XvOtDPsXSoMSbyk8%2FDsnfeh86srR9ZUEfvs0lSFIOMhwTNM3FZdrAOyqlSrdB8BjC%2FRj250UdkTOeElYUSM2iKBRin4DE3oa5qTuQ0hSgVB3x2D3afUt9UDOobj8qSaKY63Qsi%7Ctkp%3ABFBMiq-K8I5i
Men Cotton Sweatpants Summer Beach Joggers Pants Casual Trousers Sport Shorts,17.40,Free International Shipping,https://www.ebay.com/itm/325554220854?hash=item4bcc8b2f36:g:1hUAAOSwpONikX~I&amdata=enc%3AAQAIAAAA4A6UMfDoN3xB5GKAWdXt2IDtlrHWPDqAgEKTCHZU2kTHO%2Bn0Q7uyCCE9ivTjr1djl0iU%2F%2FjkT3xrGOX6Lw8%2BrPVtjYwfjeKG53mhU1xheQk4UODqTwjjNzzKYmD9y2KAVHw8rHrFeIGfNfOHaYHcBIzl08aa59uODhoVjc2%2BoUAyaY49xIc8kI9V8HFQ5CRyzt0HYIHZ8RSnwpaVShUQrIbXdr82xnUt%2BaxHTQQ7ZFHhWrdLo1jgqFf5tl9CeSj1nyE2t%2BaciMu0uIHNl16jDpg88RJI%2FhHQhtkAAtV0eUh6%7Ctkp%3ABFBMiq-K8I5i
LYLE AND SCOTT STYLIST REGULAR FIT SWIM SHORTS FOR MEN,8.63 ,+$8.66 shipping estimate,https://www.ebay.com/itm/166071151881?hash=item26aa9cad09:g:jP0AAOSwM4hkUlj6&amdata=enc%3AAQAIAAAA4EG7aaTbQHw%2Bnfx1AJ7q4KkZSQluMBxCGg4Fw5K0CTg7cXoqGboH727q5Ub1CoDhcfn5t6rvp9%2BulGQ3TeVDoRiZnNApNbDchHC97H4q6r5QwcVphw2X7mbvBa9OH%2BN01TaVsY0x4anUjDfIdkRhMZZxqAjHG0Mqe9dPbmyCyQMWav8gxrUOM%2BKGcktLn00haYrRMXsRNg0N%2BGzg3FtLvCzE1cBOyj3OKA5xNPdV0PJiw2HXmDgBSKxJ7h6y4wH2kuDisUsiOyOT3amSRW%2FXw8JoIrmGoPIJ%2BmGziUUJy9jP%7Ctkp%3ABk9SR4yvivCOYg
Men's Black Navy Burgundy Nike Gym Cycling short zip pockets Embroidery Logo,19.21,+$13.00 shipping estimate,https://www.ebay.com/itm/255489577649?hash=item3b7c5d92b1:g:4aEAAOSw7ZBh-4Tr&amdata=enc%3AAQAIAAAA4A4%2BfXz%2FHKhcpqkUfBx0t%2F3vYPlFX9dI1tCe4jU0yC6iC6ArGmbUStguMjJBPHn1YxUwB9JSpURu7%2FIcZaGUDldahOBfm4zfx0BBTDcNOVwoeliGLLy8d4XMQqgRPw0DCwB7s3OlWplQslA17QMcIeJeYVHwZpcCkvLCy6QLYHIBGd0EiXpjY%2FUmnGjec2HG8u3jf1hs78UJcaVSSKjfZzccELFV1irwwvup64jl9xKp%2BHtiXOOfPL4k9GdUQ5uk7ZhWoTm2aAkdWjZxwGisP28jJlL73I6min7IoMDYuSaN%7Ctkp%3ABk9SR4yvivCOYg
Men's Nike Shorts Gym Football Training Running Park Dri-Fit Sports Night Short,19.77,+$35.32 shipping,https://www.ebay.com/itm/285159222178?hash=item4264d06ba2:g:aPcAAOSwBYBj-Nmi&amdata=enc%3AAQAIAAAAwKUDLZbdGtXVdgh2uWUAesETUApWDdVBA5cU%2BrSwhU1ttV44BkDsrlE%2B%2B8HIjijjDYT%2FdEA34eUT7dhnz0jJcjZ%2BPhDxC02KvTUUsspsyeeqPCachPbxNqe2LQw%2B3xfykEtuUnZxHbXGqwx8ee%2BwxG5fN%2F05VeXHxnNr7DO2iN0egzyGGuw14k9sjT66IWGU9lVSFe63joWn7N7OhFEwyPOUPLT0pTQeaZ%2FCfBsC%2Bu1dAxu3jRetPqAOu6tYJIqUHg%3D%3D%7Ctkp%3ABk9SR4yvivCOYg
RDK Mens Gym Bodybuilding Shorts Training Yoga Running Quick Dry Stretch Sports,11.09,+$8.63 shipping estimate,https://www.ebay.com/itm/255159261683?hash=item3b68ad59f3:g:VKIAAOSw~i1jEPQd&amdata=enc%3AAQAIAAAAwLkOflgApBsISqFi9egKk%2FTsq4ga%2F0%2F%2F6eRLIM%2FRj7muy7vCl6Vo9bqQ8s24GkI4TrD0uTShcSEmjkcwYqwzOZxWb5gDDDwaHtZYJjh8QS7GPJP2EzcEvsUfJRPb9yozY%2BPt2Ob5jHFvTBeyY3NdwVlc%2FyZXBX5JApnskmY%2F%2B0j6OvpH%2FbsIH5BOCXOcyIyJTmFlzowHSZuCmsP%2FgqQFau5evpeT4AcwZD0EL0a%2FBbZlIlqF9Y%2FoNcCDwqC1zkH%2FWw%3D%3D%7Ctkp%3ABk9SR4yvivCOYg
Men's Sports Training Running Bodybuilding Workout Fitness Shorts Gym Pants Work,7.57,Free International Shipping,https://www.ebay.com/itm/175729773895?hash=item28ea4f8d47:g:FisAAOSwaepkY6eq&amdata=enc%3AAQAIAAAAwDE5XPHM4vJLjANN0mtL2QyxS%2F61Dx3VAiY4Sl1MgYd21oJZQMHPkHmAF8xc3ZO9oY6hsuCH46bGizaJkeVzCUBEeYUauJ%2FfDtlrGMclbzLGy%2FUVIlzYxvWM4wMLRJ1ageoEfAIxgRRIHjlqrSOQCMBbxv%2BeiCy7QuAXB8wnGW8lMTnAGcrgGAU5vDv%2B%2FP0z4mmffliv%2Bx%2Bz0oWQO%2BvEdd2FQrafwqNvz82PwXlRs%2BCjtu4yAj1EA8rV9HtzMuoV2g%3D%3D%7Ctkp%3ABk9SR4yvivCOYg
Mens Swimming Board Shorts Swim Shorts Trunks Swimwear Beach Summer,7.30 ,+$9.68 shipping estimate,https://www.ebay.com/itm/332594952973?hash=item4d70343b0d:g:h9AAAOSwYYpb4une&amdata=enc%3AAQAIAAAA4JWUjkBGRaz1YzgBJZFeKh39i2T%2FhL%2Bhe%2FSx0JdLmy98i31t2N6H8fKCnPPesAjCrg7Ybf%2FQWQVj29iqFmZrZu%2B02joW1RgB%2Bxbd8eUZAfj8bSI%2FPU70FBI0%2By7rTmeRyye06fIykpVGFgpjWPO2G3iZuBa6Rb4UoHMXpdL0PRVkujjxDy9B5Atgf1xyuxSYBDwTaG45H62KTGSHCOSdvDcHsUNcrIeywxebXHtyXZx4Lci%2Fj375IwfhpsV%2Fl7ssTAWXs0lYSvt7KLezq7k0QzMwzalA3kc7uWd0pfuwV0Mh%7Ctkp%3ABk9SR4yvivCOYg
Mens Jogging Fleece Shorts Training Running Gym Pockets Jersey Sports Half Pants,6.18 ,+$8.49 shipping estimate,https://www.ebay.com/itm/175627788899?hash=item28e43b6263:g:DVkAAOSwEp9j9~ug&amdata=enc%3AAQAIAAAAwNbNKw3YZOt4PFNHtqj2s6oMK7S3T%2By5%2FsJ%2BeqKIZvljuKeLDCKI7YWpJvV9P5xXBipxC20srbwFwbT21ukj%2BdFd6DY%2BAylGudgbiRPmdoLYZRVKk8F64E%2FuXpKjlBNzdHSjGttEvw41E4quZT%2BCcnVU8UUSOe818utxq6p08%2B9oHWgm6XFJqVMoOZq8XJnlCOtUGF0Lb3jeT%2FaLizqWfUN8H7mmoQ0RdePemq5L9Xbbbwp%2FVAGBW3RelL3fZ4FRBQ%3D%3D%7Ctkp%3ABk9SR4yvivCOYg
Mens Shorts Football Running Jogging Gym Sports Breathable Fitness Quick Dry,4.95 ,+$8.56 shipping estimate,https://www.ebay.com/itm/374203119217?hash=item57203e7671:g:zvQAAOSw7YFi7lge&amdata=enc%3AAQAIAAAA4JiNMPsyX%2BP%2FK07l52GHvTmw4S6PAYVovAAkXe0A8PLwDgJ8zZ%2FTfPrYMvz05ADbHq89gRYmssau00g46Djy8bDbRWkBTDMveETe30IYzqCfjNjLfj7NCWIqMqQ2XSa7nmUoFu5zI6ru9AsIQSIsllRyPdUsuT2suoBHf0ykQhH3ZHLM2BZNYDj%2B2BH9uBmDixXDa%2FY2z6IVRvATj7ziGIFStxMVn5Lk1e%2FNJdz8kaEckl2GcqA7p1ShWpzSL7Su69V2M2H9EWRE%2BbPyiJrr0CKmIThOWiTxSjb1Qo6B6MY%2B%7Ctkp%3ABk9SR4yvivCOYg
Adidas Mens Shorts Chelsea 3 Stripes Gym Sports Running Short Pockets Climalite,18.58,+$8.84 shipping estimate,https://www.ebay.com/itm/203729324977?hash=item2f6f36cbb1:g:qg0AAOSwqvJiwuiZ&amdata=enc%3AAQAIAAAAwO7sLWtp79mv8HlWuva%2FXWIKRLW%2B4RFTBTZxcxHEf3TZH7CYr6Wf9WQTJTMmynBMClubsdrw9UGdrtrAyfMrqPqTj4s8FqbfE6FMI0K%2FS6sFL%2Bg3Fg8OKZoUMuI9e4Yc8Ht0wTmwo%2Fmy%2FEx5tLemV2vGWCxfXTtiyer7iDopM0DoMAzXyOBWBn%2BmlvkIynMxn995JVnvGmwFXrEwTWqiKcr5y6RP%2FIoAowEvuk0FaGEq8pZuwoDb%2FgGqf%2F7j%2FX8cuw%3D%3D%7Ctkp%3ABk9SR4yvivCOYg
New Mens Shorts Elasticated Waist Plain Casual Gym Knee Length Summer Half Pants,7.42,+$7.42 shipping,https://www.ebay.com/itm/255716524086?hash=item3b89e48036:g:3ukAAOSwNxNjGhOX&amdata=enc%3AAQAIAAAA4JZyuvYxz73DZB5yLL9BGn5zxwYrrGVfzPrunpuZdt1PFZBvQShUFG2ChbUJ0BARwmBN3MVoT6JX7yxw185OU97GmY9CyDsjQ0tPJjWHoZmXx2HiDreWb0QMfdyLIlBh10TjFa23lC8oTANX%2FK8SqL8xvnK5zxbn%2BxcRKB6DzYQoqL64iclcriPxJaibTI1%2BNl%2BZhERZr5iwW%2F%2FeUyBFjaye%2BkHsl%2BYD9La4b4QiZe3x8fVXDDoEYc0bDLF5lNw0OTOjNtMv%2B0Xx0oyvkfWLlyFfbrjhsX5B0OyOt9OPLHlo%7Ctkp%3ABk9SR4yvivCOYg
Mens Kappa Swimming Board Shorts Lined Trunks Summer Swimwear Elasticated Waist,9.90,+$7.42 shipping,https://www.ebay.com/itm/266262676855?hash=item3dfe7e0577:g:5yUAAOSwcURkZjo8&amdata=enc%3AAQAIAAAAwJjdTzPp2hKBUwex686CCb3Sys7FgXzBWs7tfQCGgS%2FFpuny36glFOChU48064dbF0BWsFUzUB03sZ6XT%2FINtVryJjMU9%2FBd3SQfuKKNwDewe0VuO3pCKBKV8RBAHkGrs1iWb14r60XZvgPbK%2FcLKC8Ybu8E1OHTeB3l1LPUG%2FqyCbJvk2hRJMivnb%2Bb8X0w3j%2F64bosMWTOZFFoywEoGbcHPSS7Cl7Bcipc8%2FhZ0vINL0Go6LMGHJN2e7TSuBkWLw%3D%3D%7Ctkp%3ABk9SR46vivCOYg
Men Casual Chino Cargo Shorts Pants 6-Pockets Summer Beach Trousers ACCEPT OFFER,18.99,+$40.99 shipping,https://www.ebay.com/itm/233957304916?hash=item3678f12a54:g:UNoAAOSwq~xgoq~X&amdata=enc%3AAQAIAAAA4NMOEdiAJFg8UrNUHUO67igJODvW%2FMHN2OVQvwTbHdVB%2Fq1kqx47g11kfP40hZ4tzBeiLyAtIUiDzcgbsL3kiqEB42H8dsY%2BR%2F8f8%2FbEPCIzrZGOMg8Gub4wuuqyvrfSqekNPkFmqvQUuMfERehbJSffiiapqX5PcMw8uuL3zdWOzXjVkJ8D0zD656EjkdwVOMO21TARMN%2BHOBslTnDFhMpUPgmVCMtbn6UJKSLzCWayfH%2FY82Vje6dvuznD0xGBOIJdZ9JMANxMhanVM%2BIMf0ZG7UvxMI2WGg55afS74m0B%7Ctkp%3ABk9SR46vivCOYg
Men's Sports Training Running Bodybuilding Workout Fitness Shorts Gym Pants Work,9.50 ,+$5.00 shipping,https://www.ebay.com/itm/314122350908?hash=item492326b13c:g:O9YAAOSwNjhjCgiS&amdata=enc%3AAQAIAAAA4MuQZ1aZ1ECxAxYbg%2FTELxwB41bmEmlIKBHuKotxsRcfS%2Bqm0QKwgJud9cDCIu9raAU5S3Tg8wpGXQ%2FHGeA8n4ifgkOYIhP8MIQ%2FL%2FEYC6Mg9aSOq%2FZcAbfpxGDWGFBACDkZcHFHBQqDPrPRWPeXZ6UgfTqW3Q%2BnlrOKl460LtJHYW3eD458bTFxKWIFpTGRtgGmtp1k1k2CZpGjUZPz3WoqfRQCk8W5QpvjDtiaHiXsDP0xdVnXdxlCNXRQ%2BXDywPZaPHApZW8haB5AWsJs9ufzTK64W8XIVUWR3A5mWSDg%7Ctkp%3ABFBMjq-K8I5i
Mens Casual Chino Shorts,11.70,+$8.63 shipping estimate,https://www.ebay.com/itm/234145209007?hash=item3684245aaf:g:5T0AAOSwBnVW9XDC&amdata=enc%3AAQAIAAAA4DA0Bgz1dqxKoGibDh9qsqF%2FPcm3fzlVAyaWWr2lE7pJJvdprPtGsvacVSqk3RAXrqJOnik2tgBB7MrNxSPVOwMVucDk1wdrg9nYoUVt%2BpnQ2ImzgIrn5C1AjG8uG1SZ2zTKagzjfXgnOvFGoPOg7w%2Bvprt9H6TfHs6xLBF%2BpETt9SSmUdPyLwOrcqon3JKKMrZJtM8DF2TDdx7hjW2zrVQ%2BZOSPfhezVX22fg2uV9Q8UaLoBL3uYt6VmqiRrbTwp88NXFGRq7kvA1NRoHWOCgwK%2BkOZ61KGxjUpoxP0OJjV%7Ctkp%3ABFBMjq-K8I5i
Kruze Mens Denim Shorts Regular Fit Summer Casual Half Pants All UK Waists Sizes,16.10,+$8.66 shipping,https://www.ebay.com/itm/333154315418?hash=item4d918b6c9a:g:38IAAOSwztFkbMrB&amdata=enc%3AAQAIAAAA4PZFeI5lVtpEvjXTRAzcotpjG85sfd50aoNn3iw8icbfkNCOguNgFFKclCkg%2Bfu%2B6Ad37DpNejTZ8q4abgr5yoDAsPWS2%2F2MqJ3zyJG3GAnTcEiXUhK%2FlRjR8bve9mZdETO7WT4aS3sJtWDq%2F3IpUXNQMDHx%2FQ3pycIYTclSmJtViYYEkyCbZGIautJp1cKBTj11svYwWWdruic8Szz1T84PsnOQoyi0OaB5MJNiw9SSs7GGkQmLn6niP3VTKc7YdDN8FzWvLtJMVcHQqtLZG7hitDSEufnPYYl7UuPUcP%2Fo%7Ctkp%3ABFBMjq-K8I5i
Men's Shorts Basketball Zipper Pocket Sport Shorts Gym Pants Athletic Shorts,10.22,+$2.99 shipping,https://www.ebay.com/itm/294853755435?hash=item44a6a7422b:g:dAMAAOSwt~9ivpo2&amdata=enc%3AAQAIAAAA4FWMzzcttH3rhroOVTHQHRZenBmiIHKSFBnOsUiua1pzn1XXY1VlrYfn0W0CZOpJtRUgTEI58s2UKJXY7%2B4tB0inhjKM3X%2FZtRKztCinqNb%2FjMA66YUNIUsql9SGH3sBmscgxCdZY%2Fu32enJ43EksB1cMyFQTD2JZflxpIqSKFwXY0b7oCti22%2BHoCNXZi7i%2FBMBrjzDA8Bjn7DdaLzJN6IJb5TNxARm3E5ADw%2FiOVzQtDgl%2BkI68QnXY89ZGEoPKiGmvdDNT5UuTT5ZrnJVAmC8xJIyBO9DyJDduniVe7yN%7Ctkp%3ABFBMjq-K8I5i
Men's Sports Training Running Bodybuilding Workout Fitness Shorts Yoga Gym Pants,5.35 ,Free International Shipping,https://www.ebay.com/itm/354199556760?hash=item5277f05298:g:1QgAAOSwl9Zi6JBn&amdata=enc%3AAQAIAAAA4NQfOzy%2FyZ49537lCEyG7TWlR0f%2F9JFhm2s0w46r8LAhmsV3S2Yt5rwAjd0cJV%2B6n8KMY2vbjltSo3ZGTbPoDp8Yaizr0i54MFXWKn6niQDFUVD51v15VMKPdqMKKh2rYPCVs0Y858Z2VcgaMtRzgtrxwFp44YJep3cIL1yERKkPtiaoFPGH%2Fzo1c%2F3I3pzbSxVdeCyd82GfbE3EXHyaVrqp02VfQvF4Lxb750ygkfUdu7YLWK4jtMRasP1uGzoxfvreoYrBGHJ%2F5TUGjI5gdtuzEwVYkvQzWAeP8A11h5MS%7Ctkp%3ABk9SR46vivCOYg
Premium Quality Mens Football Shorts Running Gym Sports Shorts Fitness All Sizes,3.71 ,+$12.38 shipping,https://www.ebay.com/itm/325494291781?hash=item4bc8f8bd45:g:iiMAAOSwZidh6cQb&amdata=enc%3AAQAIAAAA4PygSSLWqI4vh0wX4FpH5E2tviS%2B2IFISJbdTBFQ%2Fw%2BKxV0TznRRTO8NvnI%2BMCceuE0PNZnxELcgI%2FjtlU0wBVElBV7f7t8EXSyahmW14anTZ5Vxqav2JewVEjg2gDUlD4VnX8GL%2FhZVgkP41mTcM%2Bee7nMihrgi%2FMA4OszX0SOPgdGm07IQmuJeEVHdFSa92veeJE7%2BdDzd9YgbZWOhR%2BZGrDUAgci%2BkCH6rO5LE1Nyvg6aqUlhTzDJcYHzuEwbv0hBWIwq12lwxFKuwra8w%2B%2FqkULnJTF3lcdUYK6kUQPh%7Ctkp%3ABk9SR5CvivCOYg
GORECIO Basketball Shorts Gym Sport Fitness Bodybuilding Pants Training Running,7.99 ,+$14.18 shipping,https://www.ebay.com/itm/185174183081?hash=item2b1d3dcca9:g:iFEAAOSwSO1hmBpi&amdata=enc%3AAQAIAAAA4LbYBviFVjWjPILm6%2BffWSycZ2hvIN0r6Ia%2FIv9M2EvR7QOIwya7hGOGZXfmSZTsGLa3%2B1qaMLfMy3N041cPdHcmJHV26kdN2Z6YvNo0jK7uoiMRE8EUMBUtELGEt%2B%2Bn9tzK0%2Bb9%2BqMT5m%2BCEXE5C57f9pIsl43r7iIqKY6hYG%2BNDI8zD%2FE9KXXfQu5S0EWmNeJTXO6NXOLpuWLho33ObjVGGuH8dHdgojF0gYkc0GZZLLdHDVJ%2FbdNIXRqTaeXdh6IcC9ISv6s0lT36K9TIaCHGdat65vXyxsu4iQIXQWLA%7Ctkp%3ABk9SR5CvivCOYg
2 PACK MENS FLEECE SHORTS SWEAT JERSEY SPORTS JOGGERS RUNNING SUMMER CASUAL PANT,12.38,+$19.82 shipping,https://www.ebay.com/itm/182681971938?hash=item2a88b1ace2:g:zt8AAOSwUKhbh8PQ&amdata=enc%3AAQAIAAAA4KYkC7IbeieqG8ekqPvm1x2GcDg%2Brd%2B2NpW8zZPmbE%2BzW3JOewDILzA%2B8I%2BIdkl%2Ble3WKDuQlS5QYZVyOCJ%2FxOkdEDQ4aNsqtIX6q9akmKG3yOgAr5j4BhLQ28%2BLaJbehUifgmBf8lK7iopPagreh7NrDR5d4D%2BZHDGXZPoXlmJfo7AqzyBM7W%2Brw1YbXOeFO8P%2B5P6VgFIOzjtgjy2g1ot5hoXDyFZzZ8b6H3qBc%2FPbVkHTTQdPaLNImCPH7ylx8a8J3B144HWSPpieV1UXY%2F69oGPc%2BIT7UvCDdxg9ClZs%7Ctkp%3ABk9SR5CvivCOYg
LYLE AND SCOTT GORGEOUS REGULAR FIT MEN'S SWIM SHORTS,8.97 ,+$8.66 shipping estimate,https://www.ebay.com/itm/314337847082?hash=item492ffee72a:g:kbsAAOSwcfFjysZ0&amdata=enc%3AAQAIAAAA4EKS0lzB7GdwzSlQJ4w6QKL6gGSJ0tzDDlZ0Q7tidUXZQbspQbdyqz1f3%2F2GjBLRjYyHTIV6Mc4ZXB2dtxnYJmHe9rcGgCFveEJin4HjS7x0YELMi0v9e8yw47VRdRiG1cvEeYFMB13CAryi3PMzd0Qag0WcY%2FhvRxt3xVSsJKSFdfxujD707CHCgHjJI9yPNGbMvISBy57Fzl5%2BItXj0ghSflJbhv%2FgSTvM2H%2FUItg7bjDMxYKlXre7p0vQsO3BKw0HJipHG2ORF2efMhvJX0y8toM%2Fa3PrAsBPUKv0cpEb%7Ctkp%3ABk9SR5CvivCOYg
Adidas Men's Shorts Entrada FootBall Shorts  Running Training Sports Gym Shorts,14.86,+$8.73 shipping estimate,https://www.ebay.com/itm/374631369025?hash=item5739c50941:g:zVMAAOSws2NkEr2P&amdata=enc%3AAQAIAAAAwLC%2B2Tuk5BHVb5AH1npB3Ft4ErZuHDA%2FLxqDhKnFBPiIiDnLuWjV1TKcAtNvuJQqAAmyYum9QOPIsJ6ruEwH71A4Ie6g3s%2FP8ko0MtHLLrH%2FgvG5A8GXU7NToZ4ghb3LjykILJsUieeauSw6MACiip%2Fk9qF1QtgVLmr%2Bg4HcdFI9KrjzSC3oursfNzriY35K3UM5z85BhhMmkZu13mZUkHALcCOoK%2F1GFtmftm2cDo1V4er2%2Fj5tD88zBxZ1yeiBpw%3D%3D%7Ctkp%3ABk9SR5CvivCOYg
Men's Plain New Gym Sport POLYESTER  Shorts Waist Drawstring Zip Pockets,8.66 ,+$8.69 shipping estimate,https://www.ebay.com/itm/233558286670?hash=item366128a14e:g:EFUAAOSwRv1elJQ-&amdata=enc%3AAQAIAAAA4PV%2BFOB3egp4U5bv4CUkDJQSF7UiIOydDl%2Bcf1rgIfggRl%2Fo4QyJ9eDTVfa9EeDlU0HFEF92jUz8AM4X2%2Fx7pMl2ufaj9O7YZPK6Mg4cy0DjfRI5L5x%2FYKPYRaTxYCrfU%2FY0oekd7ku5bek3U5HpbTWDFza%2FmwJeRZK6n29HOasi3I7cE9nImKozhbm6LASzDee83EmDHP5BQjqKsZooBxlG%2FwZQULJq%2Fc4JJlGfCRIW9%2FDl4YdO1TaoWyYCsttaKlzQVUs2Cn%2BPJ8MnhXyvPWOpzZNVvJ88jyqIcms7sH2d%7Ctkp%3ABFBMkK-K8I5i
Nylon Sport Sprint Shorts with Elastic Retro Shorts,21.22,+$5.22 shipping,https://www.ebay.com/itm/145061888660?hash=item21c65cc294:g:3WQAAOSw6cNkT-cS&amdata=enc%3AAQAIAAAA4GW2PCgu8Kpbw9G%2F4nVmRwZCqPZwSr72rY45UMJ9O37Eh38UyRfTZ0uhQBk7txc2apriq5FGE5kWlgxjiDjK2Kl%2FOqQGXbPwl4%2BS73Vwlsu4fk12QOU4egiUkqO%2BO6nGQvWrrY4oUdJVIqCDDDMdgmfC6pry3PX%2FDjW4lySym0sENBLp0np%2B4xw1E6tsSvmj%2FylKjWXsBlH7iT3mgy2Q%2F%2Fx2b3zom2u2NSM%2BSkCYH1nwnO1YQe2%2B%2FJlVYJUVnWO2fz5WysC10Dw0Kc54jsfXOGec%2FPMVV2ZZAaei2GEGSe4c%7Ctkp%3ABFBMkK-K8I5i
Mens Swim Shorts Elasticated Causal Gym Sports Beach Summer Half Pants Big Sizes,6.18 ,+$8.53 shipping estimate,https://www.ebay.com/itm/333634639787?hash=item4dae2c97ab:g:3-4AAOSwwxJhBlL9&amdata=enc%3AAQAIAAAAwMoTaQbRHHuFgk4hCG8wM1vxKQZwgcb2dwFJZXRdn5LXNC614BdegVCK0a4BUzHEW3FVdxy0qWh1hFmyThvNaFaOy8%2Fn7oWxoJLslQ1O9Lhnv5rnU6BdSmfy3P2oxKoQFcZdhNLMrteoGDPrm1idmJW%2FaI29rhLCnHq4GNgATi0m%2BkHxFrSvj3p22VvyPbiJ%2BW05J2ADujfOmdXhQoxhGI0xN6V8mD%2F402IraDYqIClscJWxZS1WLJaMeO351pRfmg%3D%3D%7Ctkp%3ABk9SR5CvivCOYg
Mens Fleece Shorts Elasticated Running Gym Jogging Zip Pockets Jersey Pants New,7.42 ,+$12.20 shipping estimate,https://www.ebay.com/itm/225499644606?hash=item3480d382be:g:nHMAAOSwgEhkIxij&amdata=enc%3AAQAIAAAAwG8bGL84JLlIlBlZ3UHHu1U7SCYdwHz5A7uAQBPS%2FZI2AbBKIbNmEyhNaJbWmjoITCAULfjyG3%2FvT2JGTlsE8aAR8LV2kXJrLh6hrG6tSxR6LHIuHwAVSFJBwt1bIYRjpvagTtHx%2FaEWG4H9XWjcV8pqxbif7fWlX6Fa5xyoa84ptxusF3CTwzBRqOyOHYBdfwE%2B%2BmiVXyflO3WJ1%2BbF75qN3T9F8ahl15uo1d5UE5Hx6dfBdLJrQuv96ozCo2Vqsw%3D%3D%7Ctkp%3ABk9SR5CvivCOYg
Mens Football Shorts Jogging Running Gym Sports Breathable Fitness Size XS - 2XL,6.18 ,+$8.48 shipping estimate,https://www.ebay.com/itm/155253000746?hash=item2425ccca2a:g:ZYQAAOSwHUZjb2CZ&amdata=enc%3AAQAIAAAAwP1c2SzVw4ZSroFmHYG1a6IXZQ20fEP6B66YPpTQQG0dMaIUYzz%2FbSVFbnFtHyX1yss3cs8xv%2BjCaFQQCd1HCSxIreZPFNHNT7vBhBO%2BmaAZbeIvnFBCsfAlrQx74VOJiBUsDv7zWF4MlCvuuYlHQUQgrLRz87QZcDIYuB8R23HWOKMXUUkPJMFyumSTxlJT7Pll5kFqwWXuR8ulaZ6k6JpiaVByHEPecXZRFL9REh0jBMQXMwOyBe1gFUD9k9JN1g%3D%3D%7Ctkp%3ABk9SR5CvivCOYg
North Face Graphic Lightweight Shorts Summer Men's  Cotton Running Gym Shorts,24.78,+$9.10 shipping estimate,https://www.ebay.com/itm/225505975239?hash=item3481341bc7:g:S2kAAOSwDS9kJ9vi&amdata=enc%3AAQAIAAAA4DFTb17EiAAwrYpY4OWuCML4JuCB7toXaaJW%2FNGfdjV0P7mVz%2FyQfuZoegMFBn4hrE5MJmvZB2fK%2FOOJDIEM%2Bicu3JbeYRBU%2Bf7P8TxtSeEtHWew9MSSfaVXENAYfkMR9bbvUFJYj8hnaom1UERsM7AEDrCxxXR4Ti1q2FDrnHrYVtNlBc0fja0skvUUmnqo5hUTUit8Zj8Ibt0WyyZ%2BO5YFvcYqorZuP6Ww4dJaIfhbu%2FNom%2BKHqQAXm2X76Juu%2BCK0pEHVUozEiGHE6%2Fh4%2Bp7i17LgihYPOd0O5LbVEYfz%7Ctkp%3ABk9SR5CvivCOYg
Men's Basketball Sports Shorts Gym Jogging Swim Board Boxing Sweat Casual Pants,10.97,+$5.18 shipping,https://www.ebay.com/itm/114101538049?hash=item1a90fb4d01:g:BnYAAOSw8BVjiBPz&amdata=enc%3AAQAIAAAA4ClLkmr3CrNif54bEZGVmHcUH59YW2xzTFXmaeaE19PRLQu5syFvFzdZaWO1g8ScghpE2qDUzqszJJ7tmOco39OzNWKdqgC0mIIhf0bxVLwXAi7o4q9oUiTaGlIfa4Owb%2F6x%2B%2Bwq578wKPlSJsS6r%2B2fuB%2BjVyXulOHjG2ze6qoRSfCE2%2Fcb1BCHC5WUL9DOZBlWYMKyYlDyNTQcaCqDscqv9mi2zgJ5gorTqacjK2sCNaj1nXkLHH0CB2H3dae2VoGcHXhFvF34DCT%2F2Xe9Mh0aKN2fewFjbHYtL05KSoBQ%7Ctkp%3ABk9SR5CvivCOYg
MENS SPORT SHORTS FOOTBALL GYM XS - S - M - L - XL - XXL (No Pockets),5.56 ,+$22.30 shipping,https://www.ebay.com/itm/292803402404?hash=item442c715aa4:g:flIAAOSwUxlb30RX&amdata=enc%3AAQAIAAAAwHBZ1Jc74WnCFb3%2FZ9YIpr0F2ys%2B85q0H3lUsL6QsbySAQUALaYzZy84rbv50HKvgAAMSth8dHvoYH5307GF1iAKLhWrr5a4qMnsgVib4Opa6SJEpmjxBmwQV3dxaqXX1twCYUmU58RKt1v2jO7RoYsvGdJsVjgF42mPorlaUQ7uHoaTrXLq5lypRi8OfA9WIIpjKntBH94i5FypSjcqifmzw5g5hkQrgzwJbqan6ZPJzkI7QXEhgJrP7vFuuX4XXQ%3D%3D%7Ctkp%3ABk9SR5KvivCOYg
Mens Swim Shorts Swimming Running Gym Board Shorts Trunks Swimwear Beach Summer,12.33,+$8.68 shipping estimate,https://www.ebay.com/itm/264748778002?hash=item3da441c212:g:yEEAAOSwP-5iU~Pa&amdata=enc%3AAQAIAAAAwEQfO3O15RV1Ie2v65%2Bu9JNcwQDf2NBQob7DVv8gbMeTTJ55M1gP2bvyjztLpr8xSTe8%2FvKJ9CJ3%2BuaFpRs7qFg8UznKOCMRkDHv8HdTg5FBP3a6ahW0wXXtsSNbWbq3W4ZA4308QDbr4YO6vp1rF1kwsoUIUO%2BzgvWDfx9ohcuFqfm%2BWYBKUKalydhw4lmVMoyJPVzqbYVg6RxbHp9DoHndH2F9264RivTvPvZO53JDP8HZH%2FS%2FYLA4WRox6ZxUeA%3D%3D%7Ctkp%3ABk9SR5KvivCOYg
Mens Cotton Shorts Summer Gym Sports Jogging Elasticated Waist Side Pockets,13.62,+$10.86 shipping estimate,https://www.ebay.com/itm/173928201399?hash=item287eedbcb7:g:6rEAAOSwoRRg1dBK&amdata=enc%3AAQAIAAAA4KSpBxJA3o2meAdwR9HSKUduvliib2fr1sHsdni1i10kWmJXQ7dByyMz%2FzY2FPyRuG8xCJxETKixBGODBJ8lWDK7cBebM2r58JocCKPXHh2cLe6rhb72rhFf%2BD6b4Zi9MOLwdXJ23UEvExauzRhnKq3XkbL83hjJXmanV3LTeV1cMuBxQO5VX5QbuIeJznurt6rh7btOj%2BAQ8mL5mOUU9EJTz%2BvKN1f8AYgWVs97VK4Fc0GEvg1OwYujd5MGG27QTQxgi%2BYVMjiheiQ4nf73OT53DfAsPo864jqUWCpt5tPA%7Ctkp%3ABk9SR5KvivCOYg
Nike Shorts Mens Cotton Jersey Casual Gym Golf Training Walking Pockets,24.78,+$9.02 shipping estimate,https://www.ebay.com/itm/145000460504?hash=item21c2b370d8:g:iQoAAOSw0PlkHDjm&amdata=enc%3AAQAIAAAAwBQfE5jifIFv2iBVHB%2BXJGvU%2BGtcibEleeSaHrcsJm0n4%2Br%2B0m2NrZN%2FjKvIilBUMgZVjTyW0rTI%2F2COo8aadW1U3Se85KhCL%2BGvmDGL%2FLKXNZw%2BxKTuaOiBWHh3hnO6mNP9gP5kIHf67PC5CwNIxqUy2zXLmA9s%2BzoPT4%2FtcThUf%2BzUly1N%2BFvF5baZ3OEibg%2BSuVHQRxEU80eFA%2BhQ0zFRNA3mEAQ1xVA5724SCkkgOlcMComsIq4bxYe4mzQR2Q%3D%3D%7Ctkp%3ABk9SR5KvivCOYg
Men's Workout Gym Shorts Athletic Lightweight Sport Casual Fitness Solid Colors,13.36,+$14.23 shipping,https://www.ebay.com/itm/144323658642?hash=item219a5c4392:g:Z1UAAOSw~BthsXTB&amdata=enc%3AAQAIAAAAwLr5NeKAfQudEn91trtTFvHu9sfHdNZa3R04B%2BAlIwh3bG6q8hVK8Kn1oYDpJYVl%2BB7sVEGTHcjFl5tWty45Fq3tEkLX4T6HFkfcdpTiFwrxD24Q7qwB2HIGHius8l5OG%2FWskkvyuGd7G%2FkKroY8mryLsyjpb5FMOLuHV4x%2Fc%2FktqKyoLjaUnoqt4KyDH%2FLMD8K%2BiujyyLa1w1Lppy0x4xNdna9703OZIuKDQVW5bOfODEiLvUOKS%2BuvzrcxG%2BYUjQ%3D%3D%7Ctkp%3ABk9SR5KvivCOYg
Men's Football Shorts Running Jogging Gym Sports Summer Breathable Fitness S-XXL,6.18,+$11.14 shipping,https://www.ebay.com/itm/353967812884?hash=item526a203114:g:UXoAAOSw5S5kBlxQ&amdata=enc%3AAQAIAAAA4DBgKENdmnJAjuXGAkExE0xtup25bh36JpHKFPCj%2FZ8PSxUxJV8BkXp2%2FbaoS7yk3yNb2lsBen8Q3ZSSt3ZeMtndE6BOiyQqONHns%2BShVaJW9QWV%2FNEw24dCfY3UQvF%2FtpXcL7gwXbgqIVlAZ8V0cic%2BtdsW3qu2WKdkdydjfLGaAZCYcpZD5XoVzq16Cygmr%2FkJKIIx6BASKuqlVjOpTabzGRijLQcesp35CkhHD5s3MrQM7rfYy%2BJdiFeVosA5Jlj9ZwwYQr%2B7pTMqI4F9SGkxKFQunoShQbJmn3%2FNdBUR%7Ctkp%3ABk9SR5KvivCOYg
UNDER ARMOUR Mens Black Woven Wordmark Shorts Medium BNWT,21.06,+$8.91 shipping estimate,https://www.ebay.com/itm/325442556392?hash=item4bc5e351e8:g:zOoAAOSwtXNixqZG&amdata=enc%3AAQAIAAAA4IafislEXvJ3JMyUdsx%2BCXx1ayLyLfNeyLaMNRyMkdnimiv2apxlEgP%2FLpHTBwX%2BbvRWSAasnO%2BMWOjB8Ld2IHXktIPqSe2YkRUQAOtIDItIygrkT45WE8Zd%2BpP7hRsDy0JTZHz5iN%2BVyldQ60bWStyd22zcfk5trMnxouTjW%2FFCdOxIWkaNhmaQMnCxQnDou6VuULnyCyZ3vTINqu1Ge8YaY5ACAvzGNqvPIkzFPzL1mgUtdJQSHRINifZSReSy%2FzCOvq5SRm84LPKhgxHIsx%2BWoPhrXm5dE6nzD5iVzG3D%7Ctkp%3ABk9SR5KvivCOYg
NEW Authentic Champion Men's Cotton Shorts with Pockets/ 9 inches Inseam,16.95,+$14.32 shipping,https://www.ebay.com/itm/253626006264?epid=21023359218&hash=item3b0d49baf8:g:VCgAAOSwNa1bZohb&amdata=enc%3AAQAIAAAA4IhrE9lcE6fsAkIyS%2BFPn3s4eicUT76vhKBqUayEE24YAk9uFOn681oQ9t91UlW3Aa5IQXIhhmh0ty1TL6SamRHUeJcHHMLCTkpm938YbvIpyEKHo1Q2UJwEWM%2FbTH%2F%2BB%2BhHBE%2BsksqswoVjat0yJFbGI7xFkwjS%2BhxTSMvC5hXoY9qqT5tTDZYY%2BGJQE4VvayKFxIjQFh%2FvRVlstmfqT5HTYVriimXiqZcGAJioUjTr9W9A5Hatkf2tD4QF8%2Ff%2FvtYpI5f1rUjt3sqI2pW6SYj4EY2FYEqI2N9U0DbQhS59%7Ctkp%3ABk9SR5KvivCOYg
New Gallery Dept Logo Men's Shorts Casual Pants Summer Sport Pants Beach Shorts,38.99,+$14.72 shipping,https://www.ebay.com/itm/385629383354?hash=item59c94d6aba:g:wykAAOSwIxVkaugO&amdata=enc%3AAQAIAAAAwO%2FtaRECO8HqCKRXdVBt3ypjJpRCKC3KGI3uSsQqlVc%2FSUluRwyULhkff%2FJ5Zxs%2FQt3WHKJz5%2FRIvgoJofkZDVV78EF%2BosXIcDwumQJEfk9gMQWd0Uh1sh5iaaUzGbWJGxUqLNqYEgtzvvQjNmL%2FwpsnOKVQkngC%2BFbsGH5DbvqksjjzBYxn%2FBmhv7x7VtB2v9gF0hTU3x%2FG1tx1iLDrexbOw3%2Fg%2B4QFW%2BpCyTPP8krozMkouxxXaQxNO6a6VdqC4g%3D%3D%7Ctkp%3ABk9SR5KvivCOYg
Mens Swimming Board Shorts Swim Shorts Trunks Swimwear  Beach Summer Boys,9.67,+$8.56 shipping estimate,https://www.ebay.com/itm/221832174730?hash=item33a63a5c8a:g:QSIAAOSw6Axd-7yt&amdata=enc%3AAQAIAAAA4FlOV4jjMrgHShrbTZwL9q7u2%2FjIVEmKpxd3UmILtUtBHdnTs4n99hByqWzZG6UbA3IYE%2BQoKfLf%2BBiEHcSv1KHiqzq7BT%2BIP6%2Bg7Y1qTi3rfsoURDmUWByVdTIIVX%2ByWb5tZbrEOhs3WWFEnW5q21EoAiAyHEAXOygCx9Z3SSurBhNcCTlN5tagsxbr1GoFQQfV%2BB4%2Fkcfd3i9v5h8lGaUuDZNlihAOBZ8CHb%2F3ARAxUHe%2FfsWlaFYQiC%2B9noAuuhk2ntu0IE4%2FfKAhgkJCQ8A%2F4a6Lo74BBIamMCWBxMJg%7Ctkp%3ABk9SR5KvivCOYg
Champion Men's Shorts Pockets Authentic Cotton 9-Inch Gym Workout Warm Jersey,15.00,+$14.26 shipping,https://www.ebay.com/itm/304898681184?hash=item46fd60a960:g:wI8AAOSwa01kPwmB&amdata=enc%3AAQAIAAAAwJQZ7l9kcBFOdkk2GvqCb1P5S0xVPFhdDeEt3tUNtbDtQZMbsW80aZutRGSmtn%2Bo1XPtXzua%2BNdvl9WObjT8hhlIPYIqUF0qQR6kJRqN2GDGe%2FsKyKN%2FNn5vLmfhV18HB34orqjX8JGS%2FCS8v3gAlmfSsCF9HuFbZRS7Iw7yrrZHkOgt9yvZqnOgkFriBKJP8Jh%2FAaXHp09VqLXm%2B8zbr%2BPqpLRjQvb1fYHrkz4DGKyI%2FxZ0VO5bez7h%2B7n0YeB8Sg%3D%3D%7Ctkp%3ABk9SR5KvivCOYg
Menâ€™s Sweat Jogger Shorts Casual Summer Lounge Gym French Terry Shorts NEW NWT,12.97,+$14.26 shipping,https://www.ebay.com/itm/173148911604?hash=item28507ab7f4:g:H9wAAOSwkW5iRh4n&amdata=enc%3AAQAIAAAAwOFMhBLfSSJYgBltf5728z8PfGOjcEgTmWmMlna8v5eKiI%2Fygdou8P1HvlC4mINmr98hYasSEjwskqv3d7jCPUjjXfd1NfKLI9P6NSNerymQGupVT3WcIXkgEUoOQbM1Q%2FdYCYkw8i5jQBvM0G6X8o5Um6IDJt%2Fsn5eN%2B5KSP1PGR0m8eDy%2F2f4tE28EdtaXhNQHEIl9Fb5PO1siGxxUGxLkbAjsXICV%2F7bYSHdbwza9M10Mgnpu977jXCQa3ADWKg%3D%3D%7Ctkp%3ABk9SR5KvivCOYg
"Champion Men's Sport Shorts, Lightweight Lined Gym Short 11"" Inseam, 2 Pockets",13.99,+$12.72 shipping,https://www.ebay.com/itm/255013299671?hash=item3b5ffa25d7:g:6OYAAOSwfy1gy6Co&amdata=enc%3AAQAIAAAAwE0cbiVGe8J8vgDYsF3CajPWubRvu22Fr4u0VNaBgsI9kb%2FNYFQJJrXShwtO97xxa8ayoqRs62PlM0mFMuzEw9BG%2BHZApUAjO1hpGeUitl7t6DgMPxrctcZADP0soQgwHr48jy9j%2Bfxm7ca56ASwg7YjVkj324qoSc96Rn1ZZEBJS%2FGhtNYJMGCrTFJKc76A7XSg2%2BsrVSK9Ms7DiOVV5Ycu%2F2xXIylxH%2BM7yb2C2TtXUlYNRjBhENaFqhsJZRiSZw%3D%3D%7Ctkp%3ABk9SR5KvivCOYg
Mens Drawstrings Half Pants Pocket Shorts Gym Running Jogging Boys Sports wear,6.04 ,+$18.58 shipping,https://www.ebay.com/itm/404222973374?hash=item5e1d9115be:g:NUUAAOSwD7JkJTqp&amdata=enc%3AAQAIAAAA4IBm8y0dHjPb446YRKMPoTIDSqUys2OBuUaFCkhx4GFYGsDbbmWcnVlUegvQf8htyCF3dGg7xSMFZKufiVfvhv3mxTUx73qUp1bteegkd%2FG2BAiZnC%2FHjynYXZHwn8Bw7pQuwWCjNQUtvTFIg6XkH25kHSvV0BBYrBLT7C1h%2Fbw02o38ChDrKtnNd21nArFnO1inilclgXnmzyuNFfLfVflggLlcOIuuo2skvVnbh3RjdQ1LPxKVbTd4J5%2BvHGOjFNnssQeS1P%2BSE9mdAFSO6EQCUntB7%2BkygFkdLfbxVOKP%7Ctkp%3ABk9SR5KvivCOYg
Kooga Men's Rugby Murrayfield Cotton Heavy Sports Shorts - New,9.90,+$8.56 shipping estimate,https://www.ebay.com/itm/184161347171?hash=item2ae0df2663:g:Ew8AAOSwljFeO~XX&amdata=enc%3AAQAIAAAA4Bn%2BpEvBy3S2%2FsoJ1D%2B1qYcOagfYnzIx%2FYv7KtD5tWCoucJLbwh5HGntSajdTSoFVL8qFgA16mSTnbL4mpXiIxsnyrUC18Dd9zk6oLJGzQsbl1qVZFKrvcqKEhgXLS8oYiNaRq6blNyuUz4osjPAXLriuMFeRMdMFLGQqzXBdiQ69TlYM8K7%2FvpNN2lkRQFt4klflNMVvG46Zi1sX9o5CKUAdfVhTzZ1iDRweZpaLCjeM8e3T6n9cOpX3ywlneVJvHvasZ2IWmTW6JrKQ3qqYnAQY7h9Ck2HNWQHpmlxLRDn%7Ctkp%3ABk9SR5SvivCOYg
Mens Umbro Shorts Zip Pockets Sports Running Gym Fitness - Black Blue Grey,14.86,+$6.14 shipping,https://www.ebay.com/itm/295555644908?hash=item44d07d3dec:g:3EIAAOSwSglkBq4y&amdata=enc%3AAQAIAAAAwH0VKWJYVQnonrG1Ne5uEOzg%2FLeqI4%2FbFhnYI9BFPjyfTfzx5blwDzw5RZuN6EvoJKQwlx776TVxQBGq8PXyLvbvQMpZd41%2Fi%2BHbj14cTUF5AFiIVRJFWLIyA4Z%2B7yx0qfH91YlPQ8jjotC5bRzQ1Nli2S0gRLi8fuNzPvlYCKoon84YZYswgihbvfk8NWl2AhpNhugFRcz%2FodZUJnpBiQ70dHdyzLYr5wHxI1O9l30WeXa0R7lHe%2F%2FW9fknLDF0kQ%3D%3D%7Ctkp%3ABk9SR5SvivCOYg
Men's MTB Mountain Bike Cycling Shorts Zipper Pockets Padded Bicycle Short Pants,15.82,Free International Shipping,https://www.ebay.com/itm/133496563991?hash=item1f1503e917:g:TWoAAOSwV2hkeDtp&amdata=enc%3AAQAIAAAA4PkgZmj1HpQLTvW%2BHCvk0taQaxUvuYMyR5PpwAYLEBTj5oU4cmb0KB2ZFdw6VjxftJP%2Bct%2BYLu9%2BT%2F4cC5lDGQACGkLBeZQJHCHUu7XXTJl6goYArbkwr5eDJuROpfd6kfMJN2dXHHS9djuFtvE35ZQ5M2vBQpGH6UTw8Noav0BibrTd7N3SPyCqwOY5an2fzy%2Bm%2BSffzFrEEDiBcfO9ssGj7ADilquiSL%2FQ4zuIqF0rkPAKLMbwPGph3fLIsyRAvGlnVgsPy29CkF91Yzm8IMBTf%2Fo%2Bw05cMXC7y6R5kjwX%7Ctkp%3ABk9SR5SvivCOYg
New Mens Sports Training Bodybuilding Shorts Workout Fitness Running GYM Pants,8.83 ,Free International Shipping,https://www.ebay.com/itm/224523252693?hash=item3446a0f3d5:g:n08AAOSwQ-pg4sdH&amdata=enc%3AAQAIAAAAwFWW%2F5kI9nO57yr%2FMMBMntzYW9a8xPPZSxxP7xhYNm6AM8HVIkFNx2EHZ3e6s2Q0kExsmPYK25IWl3TI%2B1paOnZt3sWFndwmw%2FMpZKBnndSia39pcZfIyR64QMCWlPoSrR39R%2FO2e7c7IYO%2FDbXaxQUM%2B8LPDc915PDN68PGE4yD%2Bxe571lIJO7w%2BGustjO%2BLWrVPwVEELLfBsTJi6Qgb32yHRhN1PODM%2BNu%2Fofk2M%2B6Mi3klEPvyRtzxTUlbC%2Bx5Q%3D%3D%7Ctkp%3ABk9SR5SvivCOYg
Sports Attitude Men Shorts Lightweight Quick Dry,9.99,+$14.17 shipping,https://www.ebay.com/itm/265890822266?hash=item3de853f87a:g:M6IAAOSwlExjJk95&amdata=enc%3AAQAIAAAA4MPkb%2Fi5KNH48Vk%2BFx7tTJhgNVWf06m0UBJgCkwVo9DHI8y12TquUFazsf3QZF%2FS%2FHVvIerlHVYE6xx1I%2FZIxXDn0AG%2FGMsnxfGVSbmuX65KI%2FFueGr06IeErU7EATL%2BiuRxNYs11u9%2BiuY84zdzeDPg0BgtMnHbQl4qZMdEwzreHiwd%2BB3fvbImG42xnPVjB%2FxATxrvODw6NT6llAxzpYwRFjejedOcM7Ypm6U70DXU%2FITVCC4NCOnWESdBYqXlZ55lSVvBrPI3Z0xALug1vT3fEYi6Ump4mua2DQcwJZeo%7Ctkp%3ABk9SR5SvivCOYg
"Mens Underwear Boxer Shorts Under Pants Sports Trunks All Sizes Pack of 3,6,9,12",9.90 ,+$18.58 shipping,https://www.ebay.com/itm/184577605783?hash=item2af9aec097:g:peEAAOSwDRFgfuVw&amdata=enc%3AAQAIAAAAwPKtsKUYN8COe3MWnSVHoZ9DvU5YTKLftY3K%2FP8MFsXDPJC0CXeHEwXOYqh1CLGxt1rVxygxJ%2Bri6pn7yWNc%2BqIrU12SFTwk1Aii0fI80JreVBeNkuYobbo2efzFxCbciVjXbFA%2BI8ik70raEizaK102USXTYFCOXdNiWBIbgdcT%2Fu3sea1D%2FUaPUdQd4taq6Syp59UZCFqhE7VzWPZy1MQZsTEhOsrSDCD%2FyOCwkPitQ5kX7NQpyql9r%2FKwVzgMdA%3D%3D%7Ctkp%3ABk9SR5SvivCOYg
Men's Nike Shorts Park Dri-Fit Sports Night Short Gym Football Running Black New,19.58,+$35.93 shipping,https://www.ebay.com/itm/325558888787?hash=item4bccd26953:g:AsQAAOSwt4lkAcmA&amdata=enc%3AAQAIAAAA4ErfJaTyKm8QpHpop3U6dCp2pPdFlzURf28cAgZaVcN6IfbH4WXy9hZFPNCk2PGAypjgUOMQLc2LplxqtXew3m1EKRY0QV58UumB7EtKG5BzIAsDH7MNlMDuMdB7MkAf4pKWDRdpZeSyy%2Bgw5VZrxYFr8sNUDT1pYMR3ZfmjJDap%2B%2BN0gBF8TqfBdaUz5xh3IFaIoJb3Ic2nZ1VjsWRGY801UmCJlVIQ52Kzk7Lib4se18rXtPyG1NvvFzwvQ5056Q1HBPCy8n8o4NEFZ838EPn4FtHWE5kG2aHBmscnflx5%7Ctkp%3ABk9SR5SvivCOYg
Adidas Mens Shorts Sports Football Gym Training Running Soccer Aeroready S-XXXL,16.09,+$9.13 shipping estimate,https://www.ebay.com/itm/293818000352?epid=1259968768&hash=item4468eae3e0:g:PdUAAOSw9Pxi1A4U&amdata=enc%3AAQAIAAAAwDqwnA1DJNOFTqrVM%2FPyaFPJnjjnnd607nN3SDlUw%2B8GTPEjRbyyPzj0eyQ1UEH43OYBGsW%2BtSY3ERX%2BVIwTaXtFqQKMhyAvwyXeqDbteeCJFWlw3nOvn2N7uqOukLOTssZUIBlk8rfE9SAzplwQZ%2FZKYEnmV%2FcnJvH7XIbM0dFVAXCxi%2Bp6f0jnl1phjO9SwNGYNmsvwg%2Fe52bwT%2F7fckT49yJFcSC7F%2B6f73OCqEeqxT%2FUgCBynUuHIaMW7SDUtA%3D%3D%7Ctkp%3ABk9SR5SvivCOYg
SUMMER EA7 EMPORIO ARMANI SWIM SHORTS FOR MEN SALE M L,20.44,+$10.52 shipping,https://www.ebay.com/itm/374706339938?hash=item573e3d0062:g:bqgAAOSwhotkZ4kb&amdata=enc%3AAQAIAAAAwKQcT7zpxq%2BOCK07EgE39ADag2IJp0YkaotsYdGXko96Pbjfrutj5eWOCZL5NwQS7wFZ%2Fnp7246018vJhXvSkZ10sTZCv9b%2BWNqu%2FHmXKxlGWsiWBX0B38Rl%2BzA3eC4tEwjUaD%2Fbagk6kA97QrtEImmRURNMuORlzU1cei9vozD1w8DcrE5bAfbbge9RMqANeuDkrNjsQQBZwHkRkWND%2B6j55dzjAXjpDAIlWH%2BGxqXsgeI2bR7LVKwy5Jh220xmOA%3D%3D%7Ctkp%3ABk9SR5SvivCOYg
Mens Shorts Boys Joggers Running Zip Pockets Jersey Gym Jogging Sweat Drawstring,7.89 ,+$8.50 shipping estimate,https://www.ebay.com/itm/285196255172?hash=item4267057fc4:g:Y3wAAOSwRE5afVDv&amdata=enc%3AAQAIAAAAwHMp3SuAB46Ewaky%2B4fZRzEMESyEw5R4rQ2XmpH3hQebxjh878k2q%2B5FxqFp%2BleziZlXcbiF%2FlV%2FqcbC4XdgVkMnj4oUAB6WMUP8VcY0ioMjmKpnLiWKIzDe2Y6A0bCd%2BqRH3MF4uVLGSb%2BEOGK3DPVxcXytf4HUnKJb3QA6l%2BwP9zvuPw%2BqQhVcUywuJjOuW41gLpSvhpQhF1Sgi0rxdcCXEK7fDdHorzrH8wiQMLuVZC75LTuW41JTDL7CLoPShQ%3D%3D%7Ctkp%3ABk9SR5SvivCOYg
Mens Plain Jogger Shorts with Zip Pockets Fleece Summer Shorts Casual  S - XXL,11.09,+$14.25 shipping,https://www.ebay.com/itm/334485686147?hash=item4de0e68783:g:dcUAAOSwbxVirNsl&amdata=enc%3AAQAIAAAAwPokZuaLHiBA0x9bcr2QITDsUHjmGOlJezLpZl1YJayY8Sv0%2FitR1J8vCLML%2BKhE7g51KyvmRC88iXyuFR83mSlpZ5e4tPYrNKJBXTFRmOvSkci7R%2F%2FCnNJIB2tRwQ6Wq6e1wSoZflMJikzOaI9ufh54%2B8hroap%2BtpGlKhoQw9IiSyBCYjRjrWr5zOTLvIHQJurRog5l4OSt4oZaFTjELaI1hEhqTnP%2FN5AUYdA9HERooLtJcgm9mrnV3DeW623ciw%3D%3D%7Ctkp%3ABk9SR5SvivCOYg
Men's Golf Shorts Stretch Chino Lightweight Quick Dry Flat Front Work Half Pants,15.29,+$14.37 shipping,https://www.ebay.com/itm/354253426243?hash=item527b264e43:g:ZPEAAOSwVMpjDyov&amdata=enc%3AAQAIAAAAwNuiU5jzoSKhiekHxvTEuNLzm2yiMFaRXEb4ONTNE5nqDlEyfjTklgJhfSTIz0OfdE1LcCPsq3CmZaLu5%2BjmKUyugUEDzLxVz3X8xpdqLTIKIV7bjoMcpv8n73Ge6CtMNGEPHU3VhA3quFNYKJANXsIzGN3MmYvPXVgBZcMS9U6ZvCa3bRgfuCjYyk6bAE2MDlqg3CPLlwlaWBJYiBy8AGQwje6QQ%2Fz%2BA6rdzoNNZcq8uK8Z9I5Ty7ksUtrKehunaQ%3D%3D%7Ctkp%3ABk9SR5avivCOYg
Mens Cotton Linen Shorts Elastic Waist Drawstring Summer Loose Casual Pants,3.20 ,Free International Shipping,https://www.ebay.com/itm/185887569091?hash=item2b47c334c3:g:YBoAAOSw7Glj9JJY&amdata=enc%3AAQAIAAAAwLcF1PpF2ttimfajbzv%2F%2FU4CsClztebB0ckxLXJfcmoEOGx0QZKNjmS0p4SXG%2BnzHRd7moC6h%2FKNdNVXDXvtm7igeSmwiAUApFaLiqs16r8RfOkepkNcVLjBrMzmox%2BaWPludOcGv3CoS860xfzz%2BJCDKNO55n5pCO%2FF3Lco3kDe4aHix4FMnIQ%2BLXgqLCMJI6A4xEFaHKRcH1Av67b9v%2BNSR211ASOZlQTZHmno8BvsKTUH0XC07lqSO3Dw6O5AHg%3D%3D%7Ctkp%3ABk9SR5avivCOYg
Mens Summer CARGO ZIP POCKET Swimming Board Swim Shorts Trunks Swimwear Beach,18.58,+$8.84 shipping estimate,https://www.ebay.com/itm/325426809563?hash=item4bc4f30adb:g:HgoAAOSwhXBjdPFG&amdata=enc%3AAQAIAAAAwJ8%2Bw%2BUuHd%2BVbFsaPjTP%2F9WXQSX%2BP5Wp%2BcyH1aKlSIFtXaYvz1R2ZTDoSozwm6u3zI02b7uA5OS5S%2FPs7GICgnLaYivwm7FqTSjuQ0UFXAeDfzB4S2G334UnNZJ60yqVa8baFogwp3GNFLaJNPOcrAjN8xyLv9Fi%2BOD%2BaA%2FgoQBofpg%2BIVpXi1lJpIAH2eslc5F5cCE8pJz7p5W8Y4WgedUNbJYyKd98JFllvq7yKaKmhEYV0gDphXLCHtmmte4V0w%3D%3D%7Ctkp%3ABk9SR5avivCOYg
Men Sports Training Running Bodybuilding Workout Fitness Shorts Yoga Gym Pants,4.03 ,Free International Shipping,https://www.ebay.com/itm/385539895002?hash=item59c3f7eeda:g:llYAAOSwTk9kNMQq&amdata=enc%3AAQAIAAAA4I0UAVkJhgYf4aQGhshH%2FVqSitWexVLwTd1HaFzyg9kUJWYpPHJvfCCpyZ8Flc7ml%2BfHV9grN30cyBMXUp2mLtojtdo5%2FS6NzFRawopO2CqPh9MMnwha2V0iWt1InNVSnjy4wDq%2FpalzNflyyXiib8yv3JwLa6rxsn47UIJ7sJ1iagORlYpUtENaWucgwVtzhl0raWg5iutJd7vHeNLn0ILnuEHCDnE4FgITrDOdprK8Oyv%2FllvlMwTspYREOGW450A9RIfUigxTFCwqbHpWpjQqEwayttR8XJCqIr8BQ%2BNM%7Ctkp%3ABFBMlq-K8I5i
Summer Men Twill Cotton Slim Fit Casual Sport Shorts Chino Beach Joggers Pants,11.11,Free International Shipping,https://www.ebay.com/itm/314488971137?hash=item493900df81:g:mrIAAOSwMbxgSSfJ&amdata=enc%3AAQAIAAAA4LptrpuVCRdLXQ89aaVePCFVcV82x5sH6Yy5W6y%2FduWlN67b0A13hH6ANd1fVRCbc976WGIw5qF9w14jJvH8Ea%2FdJb%2B5lhcTH837ACrKBAXhnKsJquCD49SJdB5F8aVSJ1KLTZ%2FiiATkwz2mY7i88KRIs9rzWvY%2FkWrsHxHMP%2FtwTgrit97mhEFjE4GyCALdUmiLW6tu3Iz9x0H82vV%2Fd14e3owHtetGTEB75HOBo5oT5kChPuU3S91MpKq1raWjr8EU0C2WYL5Oy8wOYSTWMKq7bq8uEUTQIDhi4DcDg9hu%7Ctkp%3ABFBMlq-K8I5i
